{"cameraMode":{"drawMode":0,"name":"Shaded","section":"Shading Mode"},"sceneLighting":false,"audioPlay":false,"sceneViewState":{"showFog":true,"showMaterialUpdate":false,"showSkybox":false,"showFlares":true,"showImageEffects":true,"showParticleSystems":true,"showVisualEffectGraphs":true,"m_FxEnabled":true},"in2DMode":false,"pivot":{"x":-0.018055614084005357,"y":0.01103168074041605,"z":0.11746101826429367},"rotation":{"x":0.054532863199710849,"y":0.7552540302276611,"z":0.06335555762052536,"w":-0.6500813364982605},"size":0.8719755411148071,"orthographic":false}