{"cameraMode":{"drawMode":0,"name":"Shaded","section":"Shading Mode"},"sceneLighting":true,"audioPlay":false,"sceneViewState":{"showFog":true,"showMaterialUpdate":false,"showSkybox":true,"showFlares":true,"showImageEffects":true,"showParticleSystems":true,"showVisualEffectGraphs":true,"m_FxEnabled":true},"in2DMode":false,"pivot":{"x":-1.8542208671569825,"y":-11.36480712890625,"z":-10.281698226928711},"rotation":{"x":-0.01041603647172451,"y":0.9696583151817322,"z":-0.24069547653198243,"w":-0.041910089552402499},"size":22.955873489379884,"orthographic":false}