{"cameraMode":{"drawMode":0,"name":"Shaded","section":"Shading Mode"},"sceneLighting":true,"audioPlay":false,"sceneViewState":{"showFog":true,"showMaterialUpdate":false,"showSkybox":true,"showFlares":true,"showImageEffects":true,"showParticleSystems":true},"in2DMode":false,"pivot":{"x":5.768744468688965,"y":2.6676650047302248,"z":-0.05643101781606674},"rotation":{"x":-0.028500014916062356,"y":-0.023078031837940217,"z":0.0006579106557182968,"w":-0.9993271827697754},"size":13.096916198730469,"orthographic":false}