{"cameraMode":{"drawMode":0,"name":"Shaded","section":"Shading Mode"},"sceneLighting":true,"audioPlay":false,"sceneViewState":{"showFog":false,"showMaterialUpdate":false,"showSkybox":false,"showFlares":false,"showImageEffects":false,"showParticleSystems":false},"in2DMode":false,"pivot":{"x":-30.053091049194337,"y":-58.25062561035156,"z":-17.91322898864746},"rotation":{"x":-0.15143918991088868,"y":0.8461703062057495,"z":-0.3941381573677063,"w":-0.32518425583839419},"size":42.75548553466797,"orthographic":false}